{
    "displacement_m": {
        "x": -0.007324305748147778,
        "y": 0.603161287706346
    },
    "radius_pixels": 15,
    "radius_m": 0.020104366932161492
}